name,ward
5.01,One
27.01,One
27.02,One
28.01,One
28.02,One
29,One
30,One
31,One
32,One
34,One
35,One
36,One
37,One
38,One
39,One
40.01,One
40.02,One
44,One
1,Two
2.01,Two
2.02,Two
41,Two
42.01,Two
42.02,Two
43,Two
48.01,Two
48.02,Two
49.01,Two
49.02,Two
50.01,Two
50.02,Two
52.01,Two
53.01,Two
55,Two
56,Two
58,Two
62.02,Two
101,Two
102,Two
105,Two
3,Three
4,Three
5.02,Three
6,Three
7.01,Three
7.02,Three
8.01,Three
8.02,Three
9.01,Three
9.02,Three
10.01,Three
10.02,Three
11,Three
12,Three
13.01,Three
13.02,Three
14.01,Three
14.02,Four
15,Four
16,Four
17.02,Four
18.03,Four
18.04,Four
19.01,Four
19.02,Four
20.01,Four
20.02,Four
21.01,Four
21.02,Four
22.01,Four
22.02,Four
23.01,Four
24,Four
25.01,Four
25.02,Four
26,Four
95.05,Four
95.07,Four
103,Four
23.02,Five
33.01,Five
33.02,Five
46,Five
88.02,Five
88.03,Five
88.04,Five
89.03,Five
89.04,Five
90,Five
91.02,Five
92.01,Five
92.03,Five
92.04,Five
93.01,Five
93.02,Five
94,Five
95.01,Five
95.03,Five
95.04,Five
95.08,Five
95.09,Five
111,Five
47.01,Six
47.02,Six
59,Six
64,Six
65,Six
66,Six
67,Six
68.01,Six
68.02,Six
68.04,Six
69,Six
70,Six
71,Six
72,Six
79.01,Six
80.01,Six
80.02,Six
81,Six
82,Six
83.01,Six
83.02,Six
84.02,Six
84.1,Six
106,Six
107,Six
108,Six
110,Six
76.03,Seven
76.04,Seven
76.05,Seven
77.03,Seven
77.08,Seven
77.09,Seven
78.03,Seven
78.04,Seven
78.06,Seven
78.07,Seven
78.08,Seven
78.09,Seven
79.03,Seven
96.01,Seven
96.02,Seven
96.03,Seven
96.04,Seven
99.01,Seven
99.02,Seven
99.03,Seven
99.04,Seven
99.05,Seven
99.06,Seven
99.07,Seven
98.11,Eight
73.01,Eight
73.04,Eight
74.01,Eight
74.03,Eight
74.04,Eight
74.06,Eight
74.07,Eight
74.08,Eight
74.09,Eight
75.02,Eight
75.03,Eight
75.04,Eight
76.01,Eight
97,Eight
98.01,Eight
98.02,Eight
98.03,Eight
98.04,Eight
98.07,Eight
98.1,Eight
98.11,Eight
104,Eight
109,Eight